Severity,temp_f,humidity,visibility,wind_speed
2,60.03,77,10000,6.91
2,65.93,40,10000,4.61
2,60.04,76,10000,6.91
2,58.32,78,10000,9.22
2,60.51,72,10000,8.05
3,60.49,71,10000,2.24
3,59.14,71,10000,1.01
3,57.09,80,10000,4.61
3,64.04,34,10000,3.44
2,60.24,73,10000,6.91
3,60.37,72,10000,8.05
3,57.09,80,10000,4.61
3,58.15,75,10000,12.66
2,64.42,46,10000,6.91
2,53.96,83,10000,5.01
2,60.69,70,10000,9.22
3,64.8,45,10000,4.61
3,60.06,71,10000,8.05
2,58.42,66,10000,6.91
2,58.5,76,10000,12.66
3,60.24,72,10000,8.05
2,58.23,81,10000,4.61
3,59.23,69,10000,8.05
3,60.24,74,10000,8.05
2,60.76,70,10000,9.22
3,60.84,69,10000,9.22
2,60.94,69,10000,9.22
3,59.7,70,10000,4.61
3,59.79,72,10000,5.01
2,59.9,83,10000,4.0
2,58.26,77,10000,10.36
3,59.95,75,10000,8.05
2,58.33,77,10000,12.66
2,50.47,75,10000,1.3
3,59.56,73,10000,6.91
3,59.09,70,10000,4.61
2,51.85,27,10000,5.01
2,57.96,74,10000,4.61
2,59.29,70,10000,9.22
2,60.03,77,10000,3.0
3,58.5,77,10000,6.91
2,57.63,78,10000,5.99
2,63.14,55,10000,6.91
3,59.65,72,10000,8.05
3,64.99,51,10000,4.61
3,67.12,30,10000,11.5
2,60.87,69,10000,9.22
2,58.44,76,10000,10.36
2,60.71,70,10000,9.22
2,58.39,76,10000,10.36
2,58.59,76,10000,10.36
3,65.48,43,10000,4.61
2,59.32,72,10000,5.01
3,60.71,70,10000,8.05
2,59.23,75,10000,8.05
2,66.69,36,10000,1.01
3,58.91,71,10000,4.61
2,58.59,77,10000,10.36
2,60.78,68,10000,9.22
2,57.07,71,10000,4.0
2,58.24,82,10000,9.22
2,58.62,76,10000,12.66
2,60.75,70,10000,9.22
2,58.42,77,10000,12.66
2,58.98,72,10000,0.0
2,58.44,77,10000,4.36
2,54.37,87,10000,6.11
2,58.46,76,10000,12.66
3,58.59,76,10000,8.05
2,60.67,68,10000,9.22
3,59.95,75,10000,8.05
2,59.43,71,10000,8.05
3,60.98,70,10000,9.22
3,59.23,69,10000,8.05
2,53.55,80,10000,0.0
3,58.23,84,10000,9.22
3,57.27,74,10000,4.61
2,60.8,71,10000,9.22
2,59.11,72,10000,0.0
2,48.09,76,10000,1.99
2,58.24,76,10000,10.36
2,56.01,77,10000,4.61
3,66.47,47,10000,3.44
2,47.28,81,10000,2.35
3,59.65,72,10000,8.05
2,58.3,77,10000,12.66
3,59.5,71,10000,0.0
2,57.96,76,10000,1.99
2,58.5,76,10000,12.66
2,60.87,69,10000,9.22
2,59.74,74,10000,8.05
2,58.24,83,10000,16.11
3,60.24,74,10000,8.05
2,62.38,71,10000,5.01
2,61.79,70,10000,5.01
3,60.33,73,10000,8.05
2,58.26,77,10000,12.66
3,58.15,77,10000,12.66
2,59.45,76,10000,7.0
3,60.28,73,10000,8.05
3,60.69,71,10000,8.05
2,58.32,77,10000,12.66
2,64.04,50,10000,6.91
2,61.88,70,10000,1.01
4,56.8,77,10000,4.61
2,60.31,73,10000,4.61
3,60.62,69,10000,9.22
2,58.37,77,10000,3.0
3,60.57,70,10000,8.05
2,59.81,72,10000,8.05
2,61.74,72,10000,3.44
2,60.35,66,10000,12.66
2,58.51,76,10000,12.66
2,58.1,83,10000,9.22
2,59.83,73,10000,1.39
2,60.49,68,10000,9.22
2,50.2,82,10000,1.77
2,58.66,76,10000,10.36
3,65.93,27,10000,11.5
2,58.5,76,10000,12.66
2,58.46,70,10000,9.22
2,60.1,72,10000,8.05
3,58.21,85,10000,9.22
3,58.19,72,10000,4.61
3,60.4,74,10000,1.81
2,58.48,76,10000,12.66
2,59.07,78,10000,10.36
3,60.82,69,10000,9.22
3,63.79,53,10000,6.91
3,60.46,70,10000,9.22
2,60.26,74,10000,6.91
3,58.35,81,10000,4.61
2,60.84,69,10000,9.22
3,66.49,36,10000,3.44
2,65.84,37,10000,3.44
3,60.69,71,10000,8.05
3,58.32,77,10000,12.66
2,59.74,78,10000,3.0
3,59.9,79,10000,3.0
3,58.17,77,10000,12.66
3,59.5,71,10000,0.0
2,60.37,68,10000,9.22
3,57.74,73,10000,4.61
3,53.2,81,10000,4.61
3,63.16,54,10000,5.75
2,59.81,72,10000,8.05
2,56.84,80,10000,4.14
3,60.46,70,10000,9.22
3,64.2,49,10000,6.91
3,59.0,71,10000,4.61
3,60.4,74,10000,1.81
2,64.42,48,10000,6.91
3,58.32,76,10000,12.66
2,66.61,26,10000,7.0
3,57.96,77,10000,12.66
2,58.21,80,10000,4.61
2,63.54,48,10000,0.0
2,58.48,76,10000,12.66
3,54.86,78,10000,4.61
2,59.77,75,10000,8.05
2,63.81,53,10000,6.91
2,60.31,71,10000,9.22
3,60.6,68,10000,9.22
2,60.49,69,10000,9.22
3,59.27,71,10000,6.91
2,59.7,76,10000,6.91
3,66.49,36,10000,3.44
3,58.71,74,10000,6.91
2,66.63,33,10000,1.7
2,62.33,77,10000,7.2
3,57.54,78,10000,11.5
2,58.41,78,10000,12.66
2,58.33,76,10000,12.66
2,60.08,71,10000,1.45
3,57.74,75,10000,9.22
2,59.41,76,10000,9.22
2,48.33,76,10000,1.99
3,60.4,74,10000,1.81
3,53.51,81,10000,4.61
2,59.86,81,10000,5.5
2,59.67,71,10000,5.01
3,59.02,75,10000,8.05
2,58.03,83,10000,9.22
3,58.33,77,10000,7.0
2,59.38,76,10000,9.22
2,59.59,75,10000,5.99
3,58.37,76,10000,12.66
3,57.97,82,10000,4.61
3,63.36,58,10000,6.91
3,54.86,78,10000,4.61
2,59.7,70,10000,9.22
2,58.17,82,10000,9.22
2,58.32,71,10000,17.27
2,58.17,80,10000,9.48
2,63.01,52,10000,5.75
3,58.26,77,10000,12.66
2,57.97,75,10000,11.5
3,56.17,80,10000,4.0
2,60.28,69,10000,8.05
3,57.74,75,10000,9.22
2,59.11,76,10000,7.0
2,59.23,75,10000,8.05
2,59.49,75,10000,9.04
3,60.3,73,10000,8.05
2,59.05,73,10000,5.01
3,57.81,81,10000,4.61
2,58.59,76,10000,10.36
2,58.28,80,10000,9.57
3,60.06,72,10000,8.05
2,59.88,73,10000,8.05
2,59.85,75,10000,6.91
2,47.64,76,10000,1.99
2,61.9,72,10000,1.99
3,60.4,69,10000,9.22
3,60.22,71,10000,1.41
2,58.05,83,10000,4.61
2,60.51,71,10000,4.61
3,59.23,69,10000,8.05
2,58.3,79,10000,9.24
2,66.13,37,10000,3.44
2,58.24,76,10000,12.66
2,62.19,67,10000,10.36
3,58.91,71,10000,4.61
2,62.92,55,10000,0.0
3,64.42,41,10000,2.17
3,58.41,76,10000,12.66
2,58.51,76,10000,12.66
2,58.23,76,10000,10.36
2,58.57,82,10000,16.11
2,59.05,77,10000,8.05
2,59.5,74,10000,8.05
2,60.76,68,10000,9.22
2,59.16,72,10000,0.0
2,60.12,73,10000,8.05
2,59.67,70,10000,9.22
2,60.3,72,10000,8.05
3,58.03,77,10000,12.66
2,67.53,25,10000,11.5
3,66.31,30,10000,11.01
2,60.51,73,10000,1.39
3,59.4,75,10000,8.05
3,60.46,70,10000,9.22
3,64.49,48,10000,6.91
2,57.85,81,10000,4.61
2,60.37,72,10000,8.05
3,57.56,73,10000,4.61
3,56.86,77,10000,4.61
2,53.76,87,10000,9.22
2,58.51,76,10000,12.66
3,60.24,72,10000,8.05
2,59.99,73,10000,8.05
2,59.31,76,10000,7.0
3,54.86,78,10000,4.61
2,59.97,69,10000,9.22
2,60.21,71,10000,9.22
2,60.78,68,10000,9.22
2,58.44,76,10000,12.66
2,58.26,77,10000,12.66
2,58.51,85,10000,16.11
2,67.75,29,10000,11.5
2,56.23,69,10000,6.91
3,58.57,72,10000,0.0
3,58.15,76,10000,10.36
3,60.42,73,10000,8.05
3,58.21,76,10000,6.91
3,59.32,75,10000,6.91
2,58.12,77,10000,12.66
3,60.31,73,10000,8.05
2,61.88,73,10000,5.99
2,58.37,76,10000,10.36
2,58.26,77,10000,12.66
2,59.74,74,10000,8.05
2,58.28,76,10000,9.71
2,58.03,76,10000,1.99
2,58.64,79,10000,8.05
2,65.61,54,10000,4.61
3,59.74,72,10000,8.05
2,59.38,77,10000,4.99
2,57.81,76,10000,4.61
3,58.1,86,10000,9.22
3,60.13,73,10000,8.05
2,58.87,75,10000,6.91
2,58.1,76,10000,10.36
3,60.04,72,10000,8.05
2,58.44,76,10000,10.36
3,67.42,33,10000,11.5
3,59.74,70,10000,1.99
3,58.03,77,10000,10.36
2,60.31,71,10000,4.61
2,59.9,72,10000,6.91
3,59.85,72,10000,8.05
3,58.59,76,10000,12.66
2,60.33,68,10000,9.22
3,60.33,73,10000,8.05
3,59.41,74,10000,6.91
2,58.95,76,10000,7.0
2,59.74,72,10000,4.61
2,59.7,75,10000,8.05
3,60.13,73,10000,8.05
2,61.25,66,10000,2.28
2,63.81,53,10000,6.91
2,59.83,78,10000,3.0
2,57.58,78,10000,7.0
2,58.51,73,10000,0.0
3,60.46,70,10000,9.22
2,59.99,69,10000,9.22
2,59.22,72,10000,8.05
3,60.98,70,10000,9.22
3,60.19,69,10000,9.22
3,59.32,72,10000,5.01
2,59.25,74,10000,6.91
2,58.12,77,10000,12.66
3,54.16,81,10000,3.44
2,60.4,68,10000,9.22
2,58.01,72,10000,8.05
2,60.51,72,10000,8.05
2,64.47,34,10000,4.05
2,52.84,82,10000,0.0
2,60.71,59,10000,0.0
3,60.3,73,10000,8.05
3,60.17,71,10000,8.05
2,66.69,25,10000,18.41
2,58.03,80,10000,9.22
3,60.01,73,10000,8.05
2,58.89,73,10000,1.99
2,61.84,72,10000,1.99
3,60.31,73,10000,8.05
3,66.56,32,10000,3.24
2,58.01,69,10000,9.22
2,56.91,71,10000,5.01
3,60.39,71,10000,8.05
2,58.03,75,10000,1.99
2,57.11,72,10000,8.05
2,58.1,78,10000,12.66
3,57.38,79,10000,6.73
3,59.54,70,10000,4.61
2,60.17,72,10000,8.05
2,60.06,73,10000,4.61
2,60.13,72,10000,8.05
2,59.14,81,10000,2.53
2,59.99,69,10000,9.22
2,58.08,78,10000,12.66
2,58.26,78,10000,9.22
2,59.41,73,10000,4.61
2,57.33,72,10000,8.05
3,60.48,73,10000,8.05
2,53.98,72,10000,4.0
3,64.33,47,10000,6.91
2,58.01,78,10000,12.66
2,66.04,43,10000,3.44
2,59.74,74,10000,8.05
3,58.17,71,10000,4.61
2,65.86,34,10000,2.48
2,61.83,73,10000,5.99
2,59.52,71,10000,9.22
3,54.86,78,10000,4.61
3,58.08,81,10000,9.22
3,67.35,33,10000,3.44
3,58.59,76,10000,12.66
3,60.04,72,10000,8.05
3,58.08,81,10000,9.22
2,65.97,42,10000,4.61
2,58.05,78,10000,12.66
3,57.54,78,10000,11.5
3,60.24,74,10000,8.05
3,59.13,73,10000,6.91
2,58.53,83,10000,16.11
2,60.12,68,10000,9.22
2,58.06,77,10000,12.66
2,59.36,75,10000,8.05
3,64.69,42,10000,4.61
2,66.07,41,10000,3.44
3,54.86,78,10000,4.61
2,59.31,72,10000,5.01
3,58.44,71,10000,4.61
3,66.06,43,10000,3.44
3,58.08,77,10000,12.66
2,58.12,78,10000,12.66
2,60.12,73,10000,8.05
3,57.09,75,10000,4.61
3,57.09,75,10000,4.61
2,64.2,50,10000,8.05
2,57.97,79,10000,12.66
2,59.31,72,10000,5.01
3,65.55,53,10000,3.44
2,59.5,30,10000,9.95
2,56.62,72,10000,5.01
3,57.96,77,10000,12.66
2,56.35,41,10000,9.22
2,58.59,86,10000,9.22
2,58.53,75,10000,1.99
3,57.9,77,10000,12.66
2,64.47,49,10000,8.05
3,60.55,69,10000,9.22
2,53.01,78,10000,0.0
2,58.44,76,10000,12.66
3,64.56,51,10000,8.05
2,58.03,77,10000,12.66
3,59.59,73,10000,6.91
3,60.03,73,10000,8.05
2,60.37,72,10000,9.22
3,60.13,73,10000,8.05
2,57.9,78,10000,9.22
2,58.48,84,10000,16.11
3,59.11,73,10000,8.05
2,65.52,38,10000,1.01
2,60.3,73,10000,0.98
3,63.88,51,10000,8.05
2,57.97,81,10000,9.13
3,59.5,74,10000,8.05
3,60.33,70,10000,9.22
3,59.7,71,10000,9.22
2,58.59,77,10000,10.36
2,59.95,69,10000,9.22
3,59.97,73,10000,8.05
2,56.68,71,10000,8.05
3,60.78,68,10000,9.22
2,39.99,30,10000,4.61
2,60.12,73,10000,8.05
2,60.33,71,10000,9.22
3,60.3,73,10000,8.05
3,57.65,85,10000,9.22
3,60.13,73,10000,8.05
2,57.9,72,10000,5.01
2,60.69,67,10000,2.26
3,65.05,40,10000,2.17
3,60.19,69,10000,9.22
2,59.99,67,10000,12.66
3,58.41,76,10000,12.66
2,63.27,30,10000,8.05
3,58.03,77,10000,10.36
2,56.17,80,10000,4.0
2,57.92,79,10000,12.66
3,58.37,71,10000,4.61
2,57.38,76,10000,9.22
3,64.4,36,10000,3.04
2,58.1,77,10000,12.66
2,57.22,77,10000,9.22
2,48.67,77,10000,1.99
3,54.86,78,10000,4.61
3,66.63,28,10000,0.0
2,58.06,78,10000,9.22
2,57.92,77,10000,1.01
2,60.71,70,10000,9.22
2,62.38,71,10000,5.01
3,58.03,80,10000,8.1
2,58.08,78,10000,9.22
2,58.01,72,10000,8.05
2,57.24,82,10000,16.11
2,58.3,77,10000,12.66
3,59.94,73,10000,8.05
2,58.05,78,10000,12.66
2,60.12,73,10000,8.05
2,57.45,67,10000,14.97
2,52.18,81,10000,0.0
2,64.29,46,10000,6.91
3,58.68,72,10000,4.61
3,59.92,74,10000,8.05
2,58.89,79,10000,5.59
2,57.85,72,10000,6.91
2,58.82,83,10000,4.0
2,59.72,73,10000,6.91
3,50.14,28,10000,8.37
2,56.34,80,10000,5.01
3,58.37,71,10000,4.61
2,58.62,76,10000,12.66
3,59.45,72,10000,6.91
2,56.57,69,10000,9.22
2,58.64,82,10000,16.11
2,60.01,69,10000,11.5
2,55.29,73,10000,4.0
3,58.69,72,10000,4.61
2,58.21,78,10000,12.66
3,59.76,73,10000,8.05
2,57.92,77,10000,12.66
3,60.4,72,10000,8.05
2,57.9,80,10000,8.61
3,56.77,82,10000,4.61
3,60.33,70,10000,9.22
2,52.59,78,10000,0.0
2,65.03,29,10000,3.44
2,58.26,76,10000,12.66
2,60.12,73,10000,8.05
2,58.08,72,10000,4.61
3,63.82,41,10000,3.0
3,59.9,71,10000,8.05
2,59.02,76,10000,8.05
2,58.75,77,10000,3.0
2,61.66,65,10000,8.55
2,59.38,76,10000,9.22
2,58.21,78,10000,12.66
2,59.95,72,10000,0.0
2,64.35,30,10000,4.0
2,59.23,71,10000,1.99
2,60.01,69,10000,11.5
2,66.11,25,10000,10.0
2,58.03,78,10000,12.66
3,59.77,75,10000,8.05
2,66.07,37,10000,1.01
2,59.99,73,10000,8.05
