lat,lon,weather_main,weather_desc,temp_f,humidity,visibility,wind_speed,rain_1h
38.362831,-122.267197,Clear,clear sky,60.03,77,10000,6.91,0
34.022625,-118.156616,Clear,clear sky,65.93,40,10000,4.61,0
38.25462,-122.335907,Clear,clear sky,60.04,76,10000,6.91,0
38.003071,-121.337051,Clear,clear sky,58.32,78,10000,9.22,0
37.403236,-122.046913,Clear,clear sky,60.51,72,10000,8.05,0
37.927975,-122.322876,Clouds,scattered clouds,60.49,71,10000,2.24,0
37.905491,-122.069656,Clear,clear sky,59.14,71,10000,1.01,0
37.741356,-121.580826,Clear,clear sky,57.09,80,10000,4.61,0
34.20742,-118.217354,Clear,clear sky,64.04,34,10000,3.44,0
38.11861,-122.285324,Clear,clear sky,60.24,73,10000,6.91,0
37.690422,-122.135468,Clouds,scattered clouds,60.37,72,10000,8.05,0
37.741356,-121.580826,Clear,clear sky,57.09,80,10000,4.61,0
38.55249,-121.694313,Clear,clear sky,58.15,75,10000,12.66,0
34.054878,-118.257164,Smoke,smoke,64.42,46,10000,6.91,0
38.662716,-120.937653,Clouds,overcast clouds,53.96,83,10000,5.01,0
38.216373,-122.603455,Clear,clear sky,60.69,70,10000,9.22,0
34.021053,-118.195251,Clear,clear sky,64.8,45,10000,4.61,0
37.711575,-122.127388,Clouds,scattered clouds,60.06,71,10000,8.05,0
39.465603,-121.521286,Clear,clear sky,58.42,66,10000,6.91,0
38.574345,-121.401512,Clear,clear sky,58.5,76,10000,12.66,0
37.710648,-122.166687,Clouds,scattered clouds,60.24,72,10000,8.05,0
37.789589,-121.546715,Clear,clear sky,58.23,81,10000,4.61,0
37.701515,-122.021149,Clear,clear sky,59.23,69,10000,8.05,0
37.80814,-122.367226,Clouds,scattered clouds,60.24,74,10000,8.05,0
37.383713,-121.969505,Clouds,scattered clouds,60.76,70,10000,9.22,0
37.363445,-121.897217,Clouds,scattered clouds,60.84,69,10000,9.22,0
37.393295,-121.919548,Clouds,scattered clouds,60.94,69,10000,9.22,0
37.588879,-121.871056,Clear,clear sky,59.7,70,10000,4.61,0
38.005569,-122.082512,Clear,clear sky,59.79,72,10000,5.01,0
36.540611,-121.912491,Clear,clear sky,59.9,83,10000,4,0
38.692078,-121.262352,Clear,clear sky,58.26,77,10000,10.36,0
37.782742,-122.395515,Clouds,scattered clouds,59.95,75,10000,8.05,0
38.56031,-121.457298,Clear,clear sky,58.33,77,10000,12.66,0
38.652042,-122.599777,Clear,clear sky,50.47,75,10000,1.3,0
38.276428,-122.047279,Clear,clear sky,59.56,73,10000,6.91,0
37.811298,-121.992989,Clear,clear sky,59.09,70,10000,4.61,0
34.322731,-117.398438,Clouds,overcast clouds,51.85,27,10000,5.01,0
38.622662,-122.878296,Clear,clear sky,57.96,74,10000,4.61,0
37.215031,-121.988029,Clouds,scattered clouds,59.29,70,10000,9.22,0
37.920368,-122.50959,Clouds,few clouds,60.03,77,10000,3,0
38.744102,-121.270569,Clear,clear sky,58.5,77,10000,6.91,0
38.743469,-121.170799,Clouds,overcast clouds,57.63,78,10000,5.99,0
33.913586,-118.361275,Smoke,smoke,63.14,55,10000,6.91,0
37.794292,-122.206039,Clouds,scattered clouds,59.65,72,10000,8.05,0
33.813431,-118.167686,Clear,clear sky,64.99,51,10000,4.61,0
34.067459,-117.583717,Clouds,broken clouds,67.12,30,10000,11.5,0
37.377357,-121.945442,Clouds,scattered clouds,60.87,69,10000,9.22,0
38.638889,-121.327972,Clear,clear sky,58.44,76,10000,10.36,0
38.212002,-122.549248,Clear,clear sky,60.71,70,10000,9.22,0
38.697781,-121.40136,Clear,clear sky,58.39,76,10000,10.36,0
38.609013,-121.270859,Clear,clear sky,58.59,76,10000,10.36,0
33.987499,-118.13755,Clear,clear sky,65.48,43,10000,4.61,0
38.036194,-121.969917,Clear,clear sky,59.32,72,10000,5.01,0
37.50425,-121.933205,Clear,clear sky,60.71,70,10000,8.05,0
37.752502,-122.403008,Clouds,scattered clouds,59.23,75,10000,8.05,0
33.872032,-117.665222,Clear,clear sky,66.69,36,10000,1.01,0
37.701576,-121.872177,Clear,clear sky,58.91,71,10000,4.61,0
38.630802,-121.216919,Clear,clear sky,58.59,77,10000,10.36,0
37.339455,-121.852043,Clouds,scattered clouds,60.78,68,10000,9.22,0
37.162212,-121.983818,Clouds,overcast clouds,57.07,71,10000,4,0
37.936695,-121.297684,Clear,clear sky,58.24,82,10000,9.22,0
38.568787,-121.330902,Clear,clear sky,58.62,76,10000,12.66,0
37.385822,-121.976852,Clouds,scattered clouds,60.75,70,10000,9.22,0
38.455986,-121.405205,Clear,clear sky,58.42,77,10000,12.66,0
38.017952,-121.894058,Clear,clear sky,58.98,72,10000,0,0
37.143131,-122.131905,Clouds,overcast clouds,58.44,77,10000,4.36,0
38.684624,-123.426376,Clear,clear sky,54.37,87,10000,6.11,0
38.598305,-121.415367,Clear,clear sky,58.46,76,10000,12.66,0
37.719162,-122.448273,Clouds,scattered clouds,58.59,76,10000,8.05,0
37.318287,-121.831551,Clouds,scattered clouds,60.67,68,10000,9.22,0
37.785542,-122.39138,Clouds,scattered clouds,59.95,75,10000,8.05,0
37.303501,-122.035385,Clouds,scattered clouds,59.43,71,10000,8.05,0
37.429478,-121.918472,Clouds,scattered clouds,60.98,70,10000,9.22,0
37.701103,-122.021164,Clear,clear sky,59.23,69,10000,8.05,0
38.73175,-120.785744,Clear,clear sky,53.55,80,10000,0,0
37.893452,-121.282349,Clear,clear sky,58.23,84,10000,9.22,0
37.703403,-121.736855,Clear,clear sky,57.27,74,10000,4.61,0
38.28907,-122.490173,Clear,clear sky,60.8,71,10000,9.22,0
38.011936,-121.867256,Clear,clear sky,59.11,72,10000,0,0
38.761196,-120.570251,Clear,clear sky,48.09,76,10000,1.99,0
38.687771,-121.343819,Clear,clear sky,58.24,76,10000,10.36,0
37.694099,-121.675606,Clear,clear sky,56.01,77,10000,4.61,0
33.725822,-117.803909,Clouds,overcast clouds,66.47,47,10000,3.44,0
39.284885,-120.964943,Clouds,broken clouds,47.28,81,10000,2.35,0
37.799576,-122.222092,Clouds,scattered clouds,59.65,72,10000,8.05,0
38.544781,-121.473984,Clear,clear sky,58.3,77,10000,12.66,0
37.920948,-122.062195,Clear,clear sky,59.5,71,10000,0,0
38.101051,-121.30632,Clear,clear sky,57.96,76,10000,1.99,0
38.617699,-121.371597,Clear,clear sky,58.5,76,10000,12.66,0
37.315899,-121.97583,Clouds,scattered clouds,60.87,69,10000,9.22,0
37.527058,-122.270821,Clear,clear sky,59.74,74,10000,8.05,0
37.761093,-120.995758,Clear,clear sky,58.24,83,10000,16.11,0
37.808498,-122.366852,Clouds,scattered clouds,60.24,74,10000,8.05,0
36.977036,-121.905731,Clouds,overcast clouds,62.38,71,10000,5.01,0
36.961193,-121.86293,Clouds,overcast clouds,61.79,70,10000,5.01,0
37.777473,-122.236794,Clouds,scattered clouds,60.33,73,10000,8.05,0
38.553833,-121.474007,Clear,clear sky,58.26,77,10000,12.66,0
38.5368,-121.515038,Clear,clear sky,58.15,77,10000,12.66,0
37.804214,-122.472252,Clouds,scattered clouds,59.45,76,10000,7,0
37.824085,-122.267754,Clouds,scattered clouds,60.28,73,10000,8.05,0
37.51136,-121.937637,Clear,clear sky,60.69,71,10000,8.05,0
38.496132,-121.441521,Clear,clear sky,58.32,77,10000,12.66,0
33.989285,-118.243286,Smoke,smoke,64.04,50,10000,6.91,0
36.946751,-121.847122,Clouds,overcast clouds,61.88,70,10000,1.01,0
37.717979,-121.701424,Clear,clear sky,56.8,77,10000,4.61,0
38.464092,-122.726822,Clear,clear sky,60.31,73,10000,4.61,0
37.34547,-121.922981,Clouds,scattered clouds,60.62,69,10000,9.22,0
37.852909,-122.492371,Clouds,scattered clouds,58.37,77,10000,3,0
37.495384,-121.923294,Clear,clear sky,60.57,70,10000,8.05,0
37.349277,-122.060059,Clear,clear sky,59.81,72,10000,8.05,0
33.203228,-117.383598,Clear,clear sky,61.74,72,10000,3.44,0
36.859879,-121.604027,Clear,clear sky,60.35,66,10000,12.66,0
38.610462,-121.382965,Clear,clear sky,58.51,76,10000,12.66,0
37.779552,-121.314514,Clear,clear sky,58.1,83,10000,9.22,0
38.517776,-122.488297,Clouds,few clouds,59.83,73,10000,1.39,0
37.301517,-121.876823,Clouds,scattered clouds,60.49,68,10000,9.22,0
39.233021,-121.038948,Clouds,broken clouds,50.2,82,10000,1.77,0
38.660831,-121.337288,Clear,clear sky,58.66,76,10000,10.36,0
33.958836,-117.30957,Clear,clear sky,65.93,27,10000,11.5,0
38.642567,-121.35717,Clear,clear sky,58.5,76,10000,12.66,0
38.119484,-122.713844,Clear,clear sky,58.46,70,10000,9.22,0
37.535507,-122.075211,Clear,clear sky,60.1,72,10000,8.05,0
37.851658,-121.282875,Clear,clear sky,58.21,85,10000,9.22,0
37.700951,-121.80175,Clear,clear sky,58.19,72,10000,4.61,0
37.932465,-122.403297,Clouds,scattered clouds,60.4,74,10000,1.81,0
38.637184,-121.38298,Clear,clear sky,58.48,76,10000,12.66,0
37.35117,-120.623901,Clear,clear sky,59.07,78,10000,10.36,0
37.38237,-121.904358,Clouds,scattered clouds,60.82,69,10000,9.22,0
33.974655,-118.280991,Smoke,smoke,63.79,53,10000,6.91,0
37.470013,-121.908699,Clouds,scattered clouds,60.46,70,10000,9.22,0
38.270065,-122.331276,Clear,clear sky,60.26,74,10000,6.91,0
37.751484,-121.470055,Clear,clear sky,58.35,81,10000,4.61,0
37.363445,-121.897217,Clouds,scattered clouds,60.84,69,10000,9.22,0
34.018009,-118.052849,Clear,clear sky,66.49,36,10000,3.44,0
34.010056,-117.823219,Clear,clear sky,65.84,37,10000,3.44,0
37.507488,-121.967377,Clear,clear sky,60.69,71,10000,8.05,0
38.58131,-121.463463,Clear,clear sky,58.32,77,10000,12.66,0
38.028133,-122.537819,Clear,clear sky,59.74,78,10000,3,0
37.961742,-122.509804,Clouds,few clouds,59.9,79,10000,3,0
38.519505,-121.521988,Clear,clear sky,58.17,77,10000,12.66,0
37.923294,-122.061287,Clear,clear sky,59.5,71,10000,0,0
37.25835,-121.858658,Clouds,scattered clouds,60.37,68,10000,9.22,0
37.700111,-121.778809,Clear,clear sky,57.74,73,10000,4.61,0
38.966942,-121.020134,Clear,clear sky,53.2,81,10000,4.61,0
32.760567,-117.19442,Clouds,broken clouds,63.16,54,10000,5.75,0
37.348045,-122.059784,Clear,clear sky,59.81,72,10000,8.05,0
38.467033,-123.050957,Clear,clear sky,56.84,80,10000,4.14,0
37.466541,-121.905518,Clouds,scattered clouds,60.46,70,10000,9.22,0
34.024857,-118.42836,Smoke,smoke,64.2,49,10000,6.91,0
37.701649,-121.911278,Clear,clear sky,59,71,10000,4.61,0
37.932465,-122.403297,Clouds,scattered clouds,60.4,74,10000,1.81,0
34.038456,-118.27401,Smoke,smoke,64.42,48,10000,6.91,0
38.640575,-121.477364,Clear,clear sky,58.32,76,10000,12.66,0
34.282394,-118.777199,Clouds,overcast clouds,66.61,26,10000,7,0
38.671062,-121.591156,Clouds,few clouds,57.96,77,10000,12.66,0
37.838303,-121.61219,Clear,clear sky,58.21,80,10000,4.61,0
32.812962,-116.961716,Clear,clear sky,63.54,48,10000,0,0
38.637184,-121.38298,Clear,clear sky,58.48,76,10000,12.66,0
37.720112,-121.658638,Clear,clear sky,54.86,78,10000,4.61,0
37.765285,-122.404907,Clouds,scattered clouds,59.77,75,10000,8.05,0
33.960148,-118.244179,Smoke,smoke,63.81,53,10000,6.91,0
38.252132,-122.489708,Clear,clear sky,60.31,71,10000,9.22,0
37.328884,-121.870255,Clouds,scattered clouds,60.6,68,10000,9.22,0
38.233418,-122.618179,Clear,clear sky,60.49,69,10000,9.22,0
38.536011,-121.953125,Clear,clear sky,59.27,71,10000,6.91,0
38.29512,-122.252808,Clear,clear sky,59.7,76,10000,6.91,0
34.018009,-118.052849,Clear,clear sky,66.49,36,10000,3.44,0
38.526783,-121.952782,Clear,clear sky,58.71,74,10000,6.91,0
34.124657,-118.079361,Clouds,overcast clouds,66.63,33,10000,1.7,0
36.493896,-121.427475,Clouds,overcast clouds,62.33,77,10000,7.2,0
38.769897,-121.24855,Clear,clear sky,57.54,78,10000,11.5,0
38.429111,-121.425125,Clear,clear sky,58.41,78,10000,12.66,0
38.63332,-121.328156,Clear,clear sky,58.33,76,10000,12.66,0
37.980579,-122.296936,Clouds,scattered clouds,60.08,71,10000,1.45,0
37.507153,-122.338486,Clear,clear sky,57.74,75,10000,9.22,0
37.651726,-122.390129,Clouds,scattered clouds,59.41,76,10000,9.22,0
38.757442,-120.593201,Clear,clear sky,48.33,76,10000,1.99,0
37.932495,-122.403526,Clouds,scattered clouds,60.4,74,10000,1.81,0
38.945255,-121.046089,Clear,clear sky,53.51,81,10000,4.61,0
36.666584,-121.62825,Clouds,overcast clouds,59.86,81,10000,5.5,0
37.979328,-122.043022,Clear,clear sky,59.67,71,10000,5.01,0
37.731361,-122.423836,Clouds,scattered clouds,59.02,75,10000,8.05,0
37.753368,-121.352516,Clear,clear sky,58.03,83,10000,9.22,0
37.709412,-122.470924,Clouds,scattered clouds,58.33,77,10000,7,0
37.670162,-122.392151,Clouds,scattered clouds,59.38,76,10000,9.22,0
37.022938,-122.037102,Clouds,overcast clouds,59.59,75,10000,5.99,0
38.606785,-121.431801,Clear,clear sky,58.37,76,10000,12.66,0
37.763535,-121.418747,Clear,clear sky,57.97,82,10000,4.61,0
33.982792,-118.395348,Smoke,smoke,63.36,58,10000,6.91,0
37.719204,-121.6604,Clear,clear sky,54.86,78,10000,4.61,0
37.259937,-121.968719,Clouds,scattered clouds,59.7,70,10000,9.22,0
37.960415,-121.250298,Clear,clear sky,58.17,82,10000,9.22,0
38.201214,-120.692749,Clear,clear sky,58.32,71,10000,17.27,0
38.222542,-121.428131,Clear,clear sky,58.17,80,10000,9.48,0
32.72541,-117.074028,Clouds,broken clouds,63.01,52,10000,5.75,0
38.560219,-121.466492,Clear,clear sky,58.26,77,10000,12.66,0
39.072006,-121.549225,Clear,clear sky,57.97,75,10000,11.5,0
38.652668,-121.070602,Clouds,overcast clouds,56.17,80,10000,4,0
37.695385,-122.073692,Clear,clear sky,60.28,69,10000,8.05,0
37.509178,-122.341911,Clear,clear sky,57.74,75,10000,9.22,0
37.79324,-122.469521,Clouds,scattered clouds,59.11,76,10000,7,0
37.752502,-122.403008,Clouds,scattered clouds,59.23,75,10000,8.05,0
38.15519,-121.676437,Clouds,scattered clouds,59.49,75,10000,9.04,0
37.842594,-122.2976,Clouds,scattered clouds,60.3,73,10000,8.05,0
38.008995,-122.029991,Clear,clear sky,59.05,73,10000,5.01,0
37.740681,-121.504189,Clear,clear sky,57.81,81,10000,4.61,0
38.608906,-121.270538,Clear,clear sky,58.59,76,10000,10.36,0
38.320869,-121.444565,Clouds,few clouds,58.28,80,10000,9.57,0
37.71928,-122.176796,Clouds,scattered clouds,60.06,72,10000,8.05,0
37.837833,-122.264168,Clouds,scattered clouds,59.88,73,10000,8.05,0
38.241276,-122.269112,Clear,clear sky,59.85,75,10000,6.91,0
38.761417,-120.575806,Clear,clear sky,47.64,76,10000,1.99,0
36.974895,-121.897293,Clouds,overcast clouds,61.9,72,10000,1.99,0
37.333534,-121.937454,Clouds,scattered clouds,60.4,69,10000,9.22,0
37.966309,-122.322304,Clouds,scattered clouds,60.22,71,10000,1.41,0
37.891716,-121.487747,Clear,clear sky,58.05,83,10000,4.61,0
38.429401,-122.71476,Clear,clear sky,60.51,71,10000,4.61,0
37.701103,-122.021164,Clear,clear sky,59.23,69,10000,8.05,0
38.325027,-121.327293,Clouds,scattered clouds,58.3,79,10000,9.24,0
34.000702,-117.844833,Clear,clear sky,66.13,37,10000,3.44,0
38.564911,-121.490952,Clear,clear sky,58.24,76,10000,12.66,0
36.776188,-121.669502,Clear,clear sky,62.19,67,10000,10.36,0
37.701576,-121.872177,Clear,clear sky,58.91,71,10000,4.61,0
36.832226,-121.694489,Clear,clear sky,62.92,55,10000,0,0
34.083096,-118.227676,Clouds,broken clouds,64.42,41,10000,2.17,0
38.629658,-121.404053,Clear,clear sky,58.41,76,10000,12.66,0
38.610432,-121.379333,Clear,clear sky,58.51,76,10000,12.66,0
38.66909,-121.355118,Clear,clear sky,58.23,76,10000,10.36,0
37.626137,-120.985962,Clear,clear sky,58.57,82,10000,16.11,0
37.66254,-122.386086,Clouds,scattered clouds,59.05,77,10000,8.05,0
37.523506,-122.266846,Clear,clear sky,59.5,74,10000,8.05,0
37.037411,-121.55809,Clear,clear sky,60.76,68,10000,9.22,0
37.926517,-122.059998,Clear,clear sky,59.16,72,10000,0,0
37.421124,-122.092476,Clear,clear sky,60.12,73,10000,8.05,0
37.2495,-121.959633,Clouds,scattered clouds,59.67,70,10000,9.22,0
37.41095,-122.075134,Clear,clear sky,60.3,72,10000,8.05,0
38.671204,-121.548538,Clouds,few clouds,58.03,77,10000,12.66,0
34.063168,-117.396423,Clear,clear sky,67.53,25,10000,11.5,0
34.235107,-118.412354,Clouds,overcast clouds,66.31,30,10000,11.01,0
37.963177,-122.373672,Clouds,scattered clouds,60.51,73,10000,1.39,0
37.735058,-122.407143,Clouds,scattered clouds,59.4,75,10000,8.05,0
37.470577,-121.908745,Clouds,scattered clouds,60.46,70,10000,9.22,0
34.013268,-118.488762,Smoke,smoke,64.49,48,10000,6.91,0
37.719368,-121.476654,Clear,clear sky,57.85,81,10000,4.61,0
37.688061,-122.139061,Clouds,scattered clouds,60.37,72,10000,8.05,0
37.701668,-121.769699,Clear,clear sky,57.56,73,10000,4.61,0
37.714737,-121.710014,Clear,clear sky,56.86,77,10000,4.61,0
38.536781,-120.697395,Clear,clear sky,53.76,87,10000,9.22,0
38.566296,-121.348869,Clear,clear sky,58.51,76,10000,12.66,0
37.711315,-122.167976,Clouds,scattered clouds,60.24,72,10000,8.05,0
37.443542,-122.117233,Clear,clear sky,59.99,73,10000,8.05,0
37.807072,-122.475616,Clouds,scattered clouds,59.31,76,10000,7,0
37.720112,-121.658638,Clear,clear sky,54.86,78,10000,4.61,0
37.250729,-121.910713,Clouds,scattered clouds,59.97,69,10000,9.22,0
38.304993,-122.49337,Clear,clear sky,60.21,71,10000,9.22,0
37.339985,-121.852127,Clouds,scattered clouds,60.78,68,10000,9.22,0
38.596024,-121.401497,Clear,clear sky,58.44,76,10000,12.66,0
38.553787,-121.473694,Clear,clear sky,58.26,77,10000,12.66,0
37.739689,-121.121376,Clear,clear sky,58.51,85,10000,16.11,0
33.90641,-117.456863,Clear,clear sky,67.75,29,10000,11.5,0
39.526264,-121.481194,Clear,clear sky,56.23,69,10000,6.91,0
37.851349,-122.028984,Clear,clear sky,58.57,72,10000,0,0
38.682598,-121.337006,Clear,clear sky,58.15,76,10000,10.36,0
37.789341,-122.25428,Clouds,scattered clouds,60.42,73,10000,8.05,0
38.543362,-121.731667,Clear,clear sky,58.21,76,10000,6.91,0
38.179379,-122.132286,Clear,clear sky,59.32,75,10000,6.91,0
38.495682,-121.506065,Clear,clear sky,58.12,77,10000,12.66,0
37.881908,-122.308258,Clouds,scattered clouds,60.31,73,10000,8.05,0
36.98407,-121.989571,Clouds,overcast clouds,61.88,73,10000,5.99,0
38.639969,-121.27198,Clear,clear sky,58.37,76,10000,10.36,0
38.553635,-121.473969,Clear,clear sky,58.26,77,10000,12.66,0
37.462418,-122.144402,Clear,clear sky,59.74,74,10000,8.05,0
38.243767,-121.514366,Clouds,few clouds,58.28,76,10000,9.71,0
38.115948,-121.395081,Clear,clear sky,58.03,76,10000,1.99,0
37.509838,-122.488075,Clear,clear sky,58.64,79,10000,8.05,0
34.42062,-119.829926,Clear,clear sky,65.61,54,10000,4.61,0
37.729214,-122.138474,Clouds,scattered clouds,59.74,72,10000,8.05,0
37.902233,-122.511177,Clouds,few clouds,59.38,77,10000,4.99,0
38.502483,-122.995354,Clear,clear sky,57.81,76,10000,4.61,0
37.874702,-121.278,Clear,clear sky,58.1,86,10000,9.22,0
37.826954,-122.286156,Clouds,scattered clouds,60.13,73,10000,8.05,0
38.472912,-121.823708,Clear,clear sky,58.87,75,10000,6.91,0
38.697601,-121.363686,Clear,clear sky,58.1,76,10000,10.36,0
37.728951,-122.186005,Clouds,scattered clouds,60.04,72,10000,8.05,0
38.638889,-121.327972,Clear,clear sky,58.44,76,10000,10.36,0
33.888226,-117.552567,Clear,clear sky,67.42,33,10000,11.5,0
38.00058,-122.282661,Clear,clear sky,59.74,70,10000,1.99,0
38.6609,-121.359138,Clear,clear sky,58.03,77,10000,10.36,0
38.41526,-122.723549,Clear,clear sky,60.31,71,10000,4.61,0
38.109577,-122.229515,Clear,clear sky,59.9,72,10000,6.91,0
37.696068,-122.105057,Clouds,scattered clouds,59.85,72,10000,8.05,0
38.583015,-121.50322,Clear,clear sky,58.59,76,10000,12.66,0
37.36079,-121.817703,Clouds,scattered clouds,60.33,68,10000,9.22,0
37.779995,-122.238327,Clouds,scattered clouds,60.33,73,10000,8.05,0
38.240044,-122.091743,Clear,clear sky,59.41,74,10000,6.91,0
37.781219,-122.472435,Clouds,scattered clouds,58.95,76,10000,7,0
38.558956,-122.820183,Clear,clear sky,59.74,72,10000,4.61,0
37.769375,-122.405533,Clouds,scattered clouds,59.7,75,10000,8.05,0
37.825729,-122.304802,Clouds,scattered clouds,60.13,73,10000,8.05,0
36.903858,-121.63916,Clouds,overcast clouds,61.25,66,10000,2.28,0
33.956966,-118.23967,Smoke,smoke,63.81,53,10000,6.91,0
37.99765,-122.534866,Clear,clear sky,59.83,78,10000,3,0
38.762104,-121.255852,Clear,clear sky,57.58,78,10000,7,0
38.003258,-121.836006,Clear,clear sky,58.51,73,10000,0,0
37.4664,-121.905403,Clouds,scattered clouds,60.46,70,10000,9.22,0
38.273472,-122.671951,Clear,clear sky,59.99,69,10000,9.22,0
37.710388,-122.08419,Clouds,scattered clouds,59.22,72,10000,8.05,0
37.429478,-121.918472,Clouds,scattered clouds,60.98,70,10000,9.22,0
37.317062,-121.94059,Clouds,scattered clouds,60.19,69,10000,9.22,0
37.956959,-122.053314,Clear,clear sky,59.32,72,10000,5.01,0
38.299835,-122.034073,Clear,clear sky,59.25,74,10000,6.91,0
38.635269,-121.388641,Clear,clear sky,58.12,77,10000,12.66,0
38.896008,-121.080376,Clear,clear sky,54.16,81,10000,3.44,0
37.013462,-121.650299,Clear,clear sky,60.4,68,10000,9.22,0
37.877804,-122.18261,Clear,clear sky,58.01,72,10000,8.05,0
37.403236,-122.046913,Clear,clear sky,60.51,72,10000,8.05,0
33.664024,-117.385086,Clouds,overcast clouds,64.47,34,10000,4.05,0
39.279392,-121.098976,Clear,clear sky,52.84,82,10000,0,0
33.133568,-117.12458,Clear,clear sky,60.71,59,10000,0,0
37.842594,-122.2976,Clouds,scattered clouds,60.3,73,10000,8.05,0
37.668953,-122.10939,Clouds,scattered clouds,60.17,71,10000,8.05,0
34.169533,-118.59745,Clear,clear sky,66.69,25,10000,18.41,0
37.983276,-121.300659,Clear,clear sky,58.03,80,10000,9.22,0
37.74382,-122.199333,Clouds,scattered clouds,60.01,73,10000,8.05,0
38.012264,-121.754219,Clouds,few clouds,58.89,73,10000,1.99,0
36.974072,-121.883072,Clouds,overcast clouds,61.84,72,10000,1.99,0
37.881908,-122.308258,Clouds,scattered clouds,60.31,73,10000,8.05,0
34.140312,-118.0168,Clouds,overcast clouds,66.56,32,10000,3.24,0
37.354584,-121.77729,Clouds,scattered clouds,58.01,69,10000,9.22,0
37.884933,-121.832504,Clear,clear sky,56.91,71,10000,5.01,0
37.619972,-122.075974,Clouds,scattered clouds,60.39,71,10000,8.05,0
38.110798,-121.394455,Clear,clear sky,58.03,75,10000,1.99,0
37.867458,-122.198204,Clouds,scattered clouds,57.11,72,10000,8.05,0
38.546753,-121.437897,Clear,clear sky,58.1,78,10000,12.66,0
37.740501,-121.586143,Clouds,few clouds,57.38,79,10000,6.73,0
37.57436,-121.885239,Clear,clear sky,59.54,70,10000,4.61,0
37.688675,-122.128761,Clouds,scattered clouds,60.17,72,10000,8.05,0
38.429642,-122.745682,Clear,clear sky,60.06,73,10000,4.61,0
37.694778,-122.113632,Clouds,scattered clouds,60.13,72,10000,8.05,0
38.828175,-123.014366,Clouds,few clouds,59.14,81,10000,2.53,0
38.27066,-122.667992,Clear,clear sky,59.99,69,10000,9.22,0
38.487877,-121.412979,Clear,clear sky,58.08,78,10000,12.66,0
38.638069,-121.203156,Clear,clear sky,58.26,78,10000,9.22,0
38.508896,-122.925262,Clear,clear sky,59.41,73,10000,4.61,0
37.854172,-122.220558,Clouds,scattered clouds,57.33,72,10000,8.05,0
37.796608,-122.270355,Clouds,scattered clouds,60.48,73,10000,8.05,0
37.145802,-121.985321,Clouds,overcast clouds,53.98,72,10000,4,0
34.028423,-118.229935,Smoke,smoke,64.33,47,10000,6.91,0
38.524895,-121.467789,Clear,clear sky,58.01,78,10000,12.66,0
33.778435,-117.872459,Clouds,overcast clouds,66.04,43,10000,3.44,0
37.45882,-122.137894,Clear,clear sky,59.74,74,10000,8.05,0
37.56221,-121.905434,Clear,clear sky,58.17,71,10000,4.61,0
34.136944,-118.094521,Clouds,overcast clouds,65.86,34,10000,2.48,0
36.982502,-121.964455,Clouds,overcast clouds,61.83,73,10000,5.99,0
38.420788,-122.552643,Clear,clear sky,59.52,71,10000,9.22,0
37.71965,-121.658867,Clear,clear sky,54.86,78,10000,4.61,0
37.957039,-121.328644,Clear,clear sky,58.08,81,10000,9.22,0
34.072468,-117.931755,Clear,clear sky,67.35,33,10000,3.44,0
38.583015,-121.50322,Clear,clear sky,58.59,76,10000,12.66,0
37.731606,-122.188606,Clouds,scattered clouds,60.04,72,10000,8.05,0
37.956322,-121.324234,Clear,clear sky,58.08,81,10000,9.22,0
33.925053,-118.024498,Clear,clear sky,65.97,42,10000,4.61,0
38.476143,-121.424957,Clear,clear sky,58.05,78,10000,12.66,0
38.766384,-121.254646,Clear,clear sky,57.54,78,10000,11.5,0
37.808498,-122.366852,Clouds,scattered clouds,60.24,74,10000,8.05,0
38.332996,-122.018837,Clear,clear sky,59.13,73,10000,6.91,0
37.609432,-120.993591,Clear,clear sky,58.53,83,10000,16.11,0
37.282837,-121.828796,Clouds,scattered clouds,60.12,68,10000,9.22,0
38.56509,-121.498009,Clear,clear sky,58.06,77,10000,12.66,0
37.723717,-122.401115,Clouds,scattered clouds,59.36,75,10000,8.05,0
34.050564,-118.214096,Clear,clear sky,64.69,42,10000,4.61,0
33.853874,-117.886253,Clear,clear sky,66.07,41,10000,3.44,0
37.719742,-121.658539,Clear,clear sky,54.86,78,10000,4.61,0
37.962208,-122.059227,Clear,clear sky,59.31,72,10000,5.01,0
37.701363,-121.849533,Clear,clear sky,58.44,71,10000,4.61,0
33.781948,-117.878494,Clouds,overcast clouds,66.06,43,10000,3.44,0
38.602249,-121.506027,Clear,clear sky,58.08,77,10000,12.66,0
38.555466,-121.44091,Clear,clear sky,58.12,78,10000,12.66,0
37.409042,-122.07045,Clear,clear sky,60.12,73,10000,8.05,0
37.711716,-121.717743,Clear,clear sky,57.09,75,10000,4.61,0
37.708939,-121.723686,Clear,clear sky,57.09,75,10000,4.61,0
33.874031,-118.229431,Smoke,smoke,64.2,50,10000,8.05,0
38.409191,-121.38887,Clear,clear sky,57.97,79,10000,12.66,0
37.969532,-122.04673,Clear,clear sky,59.31,72,10000,5.01,0
33.677608,-117.75827,Clouds,overcast clouds,65.55,53,10000,3.44,0
34.472118,-118.315948,Clouds,overcast clouds,59.5,30,10000,9.95,0
37.969894,-121.922874,Clear,clear sky,56.62,72,10000,5.01,0
38.67136,-121.591324,Clouds,few clouds,57.96,77,10000,12.66,0
34.492123,-118.283791,Clouds,overcast clouds,56.35,41,10000,9.22,0
37.7509,-121.142044,Clear,clear sky,58.59,86,10000,9.22,0
38.130322,-121.352623,Clear,clear sky,58.53,75,10000,1.99,0
38.592033,-121.552322,Clear,clear sky,57.9,77,10000,12.66,0
33.846661,-118.211708,Clouds,broken clouds,64.47,49,10000,8.05,0
37.351471,-121.914337,Clouds,scattered clouds,60.55,69,10000,9.22,0
38.712559,-120.710953,Clear,clear sky,53.01,78,10000,0,0
38.603432,-121.401489,Clear,clear sky,58.44,76,10000,12.66,0
33.824421,-118.206902,Clouds,broken clouds,64.56,51,10000,8.05,0
38.647301,-121.475296,Clear,clear sky,58.03,77,10000,12.66,0
38.3638,-121.965302,Clear,clear sky,59.59,73,10000,6.91,0
37.869522,-122.304764,Clouds,scattered clouds,60.03,73,10000,8.05,0
37.398247,-122.024101,Clear,clear sky,60.37,72,10000,9.22,0
37.833107,-122.294632,Clouds,scattered clouds,60.13,73,10000,8.05,0
38.642941,-121.225372,Clear,clear sky,57.9,78,10000,9.22,0
37.711189,-121.084846,Clear,clear sky,58.48,84,10000,16.11,0
37.361137,-122.120232,Clear,clear sky,59.11,73,10000,8.05,0
34.155422,-118.2939,Clouds,broken clouds,65.52,38,10000,1.01,0
38.448486,-122.413277,Clouds,few clouds,60.3,73,10000,0.98,0
33.809055,-118.287476,Smoke,smoke,63.88,51,10000,8.05,0
38.25127,-121.292007,Clouds,few clouds,57.97,81,10000,9.13,0
37.563076,-122.274139,Clear,clear sky,59.5,74,10000,8.05,0
37.342602,-121.926056,Clouds,scattered clouds,60.33,70,10000,9.22,0
37.334507,-122.027931,Clear,clear sky,59.7,71,10000,9.22,0
38.633858,-121.221954,Clear,clear sky,58.59,77,10000,10.36,0
37.252846,-121.840874,Clouds,scattered clouds,59.95,69,10000,9.22,0
37.824455,-122.313889,Clouds,scattered clouds,59.97,73,10000,8.05,0
37.755165,-122.003433,Clear,clear sky,56.68,71,10000,8.05,0
37.339455,-121.852043,Clouds,scattered clouds,60.78,68,10000,9.22,0
34.299431,-116.871635,Clear,clear sky,39.99,30,10000,4.61,0
37.421124,-122.092476,Clear,clear sky,60.12,73,10000,8.05,0
37.363369,-121.96685,Clouds,scattered clouds,60.33,71,10000,9.22,0
37.842594,-122.2976,Clouds,scattered clouds,60.3,73,10000,8.05,0
37.830688,-121.288612,Clear,clear sky,57.65,85,10000,9.22,0
37.826355,-122.288979,Clouds,scattered clouds,60.13,73,10000,8.05,0
38.021812,-121.96077,Clear,clear sky,57.9,72,10000,5.01,0
36.860226,-121.653191,Clouds,overcast clouds,60.69,67,10000,2.26,0
34.082829,-118.220413,Clouds,broken clouds,65.05,40,10000,2.17,0
37.317303,-121.940147,Clouds,scattered clouds,60.19,69,10000,9.22,0
36.860882,-121.622269,Clear,clear sky,59.99,67,10000,12.66,0
38.630939,-121.400764,Clear,clear sky,58.41,76,10000,12.66,0
33.809029,-117.108955,Clear,clear sky,63.27,30,10000,8.05,0
38.657719,-121.363426,Clear,clear sky,58.03,77,10000,10.36,0
38.647369,-121.066505,Clouds,overcast clouds,56.17,80,10000,4,0
38.376377,-121.36219,Clear,clear sky,57.92,79,10000,12.66,0
37.70089,-121.922325,Clear,clear sky,58.37,71,10000,4.61,0
38.671513,-121.89502,Clear,clear sky,57.38,76,10000,9.22,0
34.159176,-118.158531,Clouds,overcast clouds,64.4,36,10000,3.04,0
38.637272,-121.406364,Clear,clear sky,58.1,77,10000,12.66,0
38.696445,-121.765205,Clouds,few clouds,57.22,77,10000,9.22,0
38.748516,-120.617409,Clear,clear sky,48.67,77,10000,1.99,0
37.719742,-121.658539,Clear,clear sky,54.86,78,10000,4.61,0
34.066128,-117.254227,Clear,clear sky,66.63,28,10000,0,0
38.663536,-121.315125,Clear,clear sky,58.06,78,10000,9.22,0
37.311989,-122.276268,Clouds,overcast clouds,57.92,77,10000,1.01,0
38.212002,-122.549248,Clear,clear sky,60.71,70,10000,9.22,0
36.979454,-121.909035,Clouds,overcast clouds,62.38,71,10000,5.01,0
38.861137,-121.953758,Clouds,broken clouds,58.03,80,10000,8.1,0
37.984699,-121.343681,Clear,clear sky,58.08,78,10000,9.22,0
37.884373,-122.17971,Clear,clear sky,58.01,72,10000,8.05,0
37.761871,-120.817337,Clear,clear sky,57.24,82,10000,16.11,0
38.555428,-121.354332,Clear,clear sky,58.3,77,10000,12.66,0
37.825237,-122.305832,Clouds,scattered clouds,59.94,73,10000,8.05,0
38.493378,-121.442993,Clear,clear sky,58.05,78,10000,12.66,0
37.421124,-122.092476,Clear,clear sky,60.12,73,10000,8.05,0
38.191338,-120.829025,Clear,clear sky,57.45,67,10000,14.97,0
38.841068,-120.886139,Clear,clear sky,52.18,81,10000,0,0
34.023796,-118.247429,Smoke,smoke,64.29,46,10000,6.91,0
37.653477,-121.89827,Clear,clear sky,58.68,72,10000,4.61,0
37.824001,-122.316925,Clouds,scattered clouds,59.92,74,10000,8.05,0
37.879536,-122.522652,Clouds,few clouds,58.89,79,10000,5.59,0
39.314392,-121.65995,Clear,clear sky,57.85,72,10000,6.91,0
36.552803,-121.910645,Clear,clear sky,58.82,83,10000,4,0
38.236176,-122.461472,Clear,clear sky,59.72,73,10000,6.91,0
34.36216,-117.433266,Clouds,overcast clouds,50.14,28,10000,8.37,0
38.247974,-122.923836,Clear,clear sky,56.34,80,10000,5.01,0
37.700802,-121.92276,Clear,clear sky,58.37,71,10000,4.61,0
38.568821,-121.330826,Clear,clear sky,58.62,76,10000,12.66,0
38.090702,-122.227066,Clear,clear sky,59.45,72,10000,6.91,0
37.365776,-121.772903,Clouds,scattered clouds,56.57,69,10000,9.22,0
37.607307,-120.974861,Clear,clear sky,58.64,82,10000,16.11,0
37.021408,-121.569237,Clear,clear sky,60.01,69,10000,11.5,0
37.114731,-121.974701,Clouds,overcast clouds,55.29,73,10000,4,0
37.661167,-121.906128,Clear,clear sky,58.69,72,10000,4.61,0
38.539101,-121.366776,Clear,clear sky,58.21,78,10000,12.66,0
37.708546,-122.163666,Clouds,scattered clouds,59.76,73,10000,8.05,0
38.616486,-121.539436,Clouds,few clouds,57.92,77,10000,12.66,0
37.549904,-122.025429,Clear,clear sky,60.4,72,10000,8.05,0
38.203575,-121.244415,Clear,clear sky,57.9,80,10000,8.61,0
37.74287,-121.561752,Clear,clear sky,56.77,82,10000,4.61,0
37.342602,-121.926056,Clouds,scattered clouds,60.33,70,10000,9.22,0
38.684849,-120.652176,Clear,clear sky,52.59,78,10000,0,0
34.136311,-117.531662,Clouds,broken clouds,65.03,29,10000,3.44,0
38.564735,-121.497742,Clear,clear sky,58.26,76,10000,12.66,0
37.42049,-122.091606,Clear,clear sky,60.12,73,10000,8.05,0
38.687206,-122.839539,Clear,clear sky,58.08,72,10000,4.61,0
33.490067,-117.143921,Clear,clear sky,63.82,41,10000,3,0
37.640083,-122.090614,Clouds,scattered clouds,59.9,71,10000,8.05,0
37.641872,-122.405899,Clouds,scattered clouds,59.02,76,10000,8.05,0
37.074219,-122.080322,Clouds,overcast clouds,58.75,77,10000,3,0
36.403473,-121.316559,Clouds,overcast clouds,61.66,65,10000,8.55,0
37.667934,-122.394661,Clouds,scattered clouds,59.38,76,10000,9.22,0
38.588539,-121.383041,Clear,clear sky,58.21,78,10000,12.66,0
36.62112,-121.644089,Clear,clear sky,59.95,72,10000,0,0
33.685047,-117.176315,Clear,clear sky,64.35,30,10000,4,0
37.957008,-122.278725,Clear,clear sky,59.23,71,10000,1.99,0
37.022377,-121.566429,Clear,clear sky,60.01,69,10000,11.5,0
34.136135,-117.367859,Clear,clear sky,66.11,25,10000,10,0
38.510441,-121.452805,Clear,clear sky,58.03,78,10000,12.66,0
37.767666,-122.395859,Clouds,scattered clouds,59.77,75,10000,8.05,0
34.153896,-118.275482,Clouds,broken clouds,66.07,37,10000,1.01,0
37.449371,-122.123108,Clear,clear sky,59.99,73,10000,8.05,0
